{
  "properties": {
    "input_project_name": {
      "order": 1,
      "type": "string",
      "default": "my-mlops-project",
      "description": "Welcome to MLOps Stacks. For detailed information on project generation, see the README at https://github.com/databricks/mlops-stacks/blob/main/README.md. \n\nEnter your unique Project Name"
    },

    "input_cleaned_feature_table_name": {
      "order": 2,
      "type": "string",
      "default": "cleaned_features",
      "description": "Enter the output table name to use to store engineered features"
    },

    "input_model_type": {
      "order": 3,
      "type": "string",
      "default": "regressor",
      "enum": ["regressor", "classifier"],
      "description": "Enter the type of ML problem"
    },

    "teams_webhook_notifications_databricks_id": {
      "order": 4,
      "type": "string",
      "default": "62abbae9-f3da-4fb3-8ed3-d000722270c9",
      "description": "Enter the teams webhook id to send job status updates"
    }

  },
  "success_message" : "\n✨ Your MLOps Stack has been created in the '{{.input_project_name}}' directory!\n\nPlease refer to the README.md of your project for further instructions on getting started."
}