{
  "properties": {
    "input_project_name": {
      "order": 1,
      "type": "string",
      "default": "my-mlops-project",
      "description": "Welcome to MLOps Stacks. For detailed information on project generation, see the README at https://github.com/databricks/mlops-stacks/blob/main/README.md. \n\nEnter your unique Project Name"
    },

    "project_schema_name": {
      "order": 3,
      "type": "string",
      "default": "datascience",
      "description": "Enter the output schema name to use to store cleaned or engineered features and models"
    },

    "cleaned_feature_training_table_name": {
      "order": 4,
      "type": "string",
      "default": "cleaned_features_training",
      "description": "Enter the output table name to use to store engineered training features"
    },

    "cleaned_feature_inference_table_name": {
      "order": 5,
      "type": "string",
      "default": "cleaned_features_inference",
      "description": "Enter the output table name to use to store engineered inference features"
    },

    "predictions_table_name": {
      "order": 6,
      "type": "string",
      "default": "model_predictions_table",
      "description": "Enter the output table name to use to store model predictions"
    }
  },
  "success_message" : "\n✨ Your MLOps Stack has been created in the '{{.input_project_name}}' directory!\n\nPlease refer to the README.md of your project for further instructions on getting started."
}