{
  "version": 1,
  "config": {
    "bundle": {
      "git": {
        "branch": "cvm_churn_60_30",
        "origin_url": "https://data3-dataops@dev.azure.com/data3-dataops/Innovation/_git/data3-data-science-mlops",
        "commit": "63349e3a1dde3d9377cccc832e1958f64bc2775b",
        "bundle_root_path": "cvm_churn_60_30"
      }
    },
    "workspace": {
      "file_path": "/Users/jsanders@corpuk.net/.bundle/cvm_churn_60_30/prod/files"
    },
    "resources": {
      "jobs": {
        "batch_inference_job": {
          "id": "3987306337544",
          "relative_path": "resources/batch-inference-workflow-resource.yml"
        },
        "model_training_job": {
          "id": "1011236477359899",
          "relative_path": "resources/model-workflow-resource.yml"
        }
      }
    }
  }
}